Size,EntryBar,ExitBar,EntryPrice,ExitPrice,SL,TP,PnL,Commission,ReturnPct,EntryTime,ExitTime,Duration,Tag
-91,66,118,1962.96,1940.0617857142856,1973.8294642857143,1940.0617857142856,2012.7025035000106,71.0349965,0.01126747866924014,2023-06-09 16:00:00,2023-06-13 22:00:00,4 days 06:00:00,sweep
-212,169,179,1961.97,1964.94,1966.7723214285713,1940.3469285714286,-796.1409840000058,166.50098400000002,-0.0019140873713666248,2023-06-16 04:00:00,2023-06-16 14:00:00,0 days 10:00:00,ob
386,181,182,1956.7,1954.0810714285715,1954.0810714285715,1970.7904285714287,-1312.8187272857133,301.9122987142857,-0.0017381738568581237,2023-06-16 16:00:00,2023-06-16 17:00:00,0 days 01:00:00,ob
-222,219,248,1955.03,1925.0015714285714,1959.5139285714286,1925.0015714285714,6494.037741085709,172.27340177142855,0.014962646229031179,2023-06-20 10:00:00,2023-06-21 16:00:00,1 days 06:00:00,ob
-225,294,297,1935.41,1919.4641428571429,1940.1353571428572,1919.4641428571429,3414.3485207143035,173.46933642857144,0.00784065511405116,2023-06-23 16:00:00,2023-06-23 19:00:00,0 days 03:00:00,ob
-366,387,388,1909.09,1912.0880357142858,1912.0880357142858,1895.8732142857143,-1376.991303642901,279.7102322142857,-0.0019707144877552903,2023-06-29 17:00:00,2023-06-29 18:00:00,0 days 01:00:00,ob
453,426,426,1915.14,1912.7467857142858,1912.7467857142858,1930.4007142857142,-1430.9326142142893,346.8065427857143,-0.0016493789711755108,2023-07-03 10:00:00,2023-07-03 10:00:00,0 days 00:00:00,sweep
234,478,481,1922.68,1918.1119642857143,1918.1119642857143,1934.6587857142856,-1248.6694210714418,179.74906392857145,-0.0027753937769898576,2023-07-05 18:00:00,2023-07-05 21:00:00,0 days 03:00:00,sweep
346,498,499,1914.35,1906.34,,1934.7980714285713,-3035.851747999997,264.391748,-0.004583351006869193,2023-07-06 15:00:00,2023-07-06 16:00:00,0 days 01:00:00,ob
-236,521,523,1924.33,1928.6766071428572,1928.6766071428572,1901.0586428571428,-1207.6611975714509,181.86191185714287,-0.0026592156565068917,2023-07-07 15:00:00,2023-07-07 17:00:00,0 days 02:00:00,ob
-275,545,549,1922.96,1926.6469642857144,1926.6469642857144,1902.9367857142856,-1225.6435616071576,211.7283830357143,-0.0023177214703225244,2023-07-10 16:00:00,2023-07-10 20:00:00,0 days 04:00:00,ob
-404,670,671,1956.64,1959.12,1959.12,1929.2179999999998,-1318.3134079999154,316.393408,-0.0016677324392834697,2023-07-18 03:00:00,2023-07-18 04:00:00,0 days 01:00:00,ob
-261,814,818,1969.05,1971.46,1972.8392857142858,1953.4537142857143,-834.7046220000213,205.694622,-0.0016241852670069497,2023-07-26 09:00:00,2023-07-26 13:00:00,0 days 04:00:00,ob
161,906,912,1955.95,1949.8617857142856,1949.8617857142856,1981.8267142857144,-1105.9696395000276,125.76713950000001,-0.003512041025004346,2023-08-01 09:00:00,2023-08-01 15:00:00,0 days 06:00:00,ob
311,1002,1022,1933.43,1930.32,1930.32,1971.9940000000001,-1207.5352500000397,240.32525,-0.0020082185545895934,2023-08-07 13:00:00,2023-08-08 10:00:00,0 days 21:00:00,ob
183,1024,1026,1935.13,1929.8941071428571,1929.8941071428571,1954.5816428571427,-1099.6282751785923,141.45988232142858,-0.00310516486157087,2023-08-08 12:00:00,2023-08-08 14:00:00,0 days 02:00:00,sweep
-459,1115,1119,1914.5,1910.2932142857142,1916.5430357142857,1910.2932142857142,1579.7986257857733,351.1160170714286,0.001797768122971431,2023-08-14 11:00:00,2023-08-14 15:00:00,0 days 04:00:00,sweep
-284,1189,1191,1903.26,1889.8664999999999,1906.64625,1889.8664999999999,3588.304414800037,215.4495852,0.006638543709214737,2023-08-17 16:00:00,2023-08-17 18:00:00,0 days 02:00:00,ob
-146,1212,1223,1896.31,1885.2828571428572,1903.1171428571429,1885.2828571428572,1499.540345714268,110.42251142857144,0.005416215853797231,2023-08-18 16:00:00,2023-08-21 04:00:00,2 days 12:00:00,ob
261,1236,1281,1889.63,1911.2305000000001,1885.75125,1911.2305000000001,5439.325581900003,198.40491810000003,0.011028787593338425,2023-08-21 17:00:00,2023-08-23 16:00:00,1 days 23:00:00,ob
334,1302,1303,1916.97,1913.7785714285715,1913.7785714285715,1922.8114285714285,-1321.8311474285674,255.89400457142858,-0.002064496724369284,2023-08-24 14:00:00,2023-08-24 15:00:00,0 days 01:00:00,ob
265,1304,1305,1915.17,1922.7789285714287,1911.1673214285713,1922.7789285714287,1812.9547782142874,203.4112932142857,0.0035721835584905186,2023-08-24 16:00:00,2023-08-24 17:00:00,0 days 01:00:00,sweep
420,1328,1332,1904.64,1912.36,1902.0882142857142,1923.0992857142858,2921.771999999916,320.62800000000004,0.003652448756720296,2023-08-25 17:00:00,2023-08-25 21:00:00,0 days 04:00:00,ob
-461,1344,1350,1915.98,1918.3473214285714,1918.3473214285714,1889.3249285714285,-1444.8601576071105,353.5249790357143,-0.0016358139922426074,2023-08-28 10:00:00,2023-08-28 16:00:00,0 days 06:00:00,sweep
162,1444,1447,1940.1,1941.19,1933.440892857143,1952.6363571428572,50.82620400002355,125.75379600000002,0.00016171434462141612,2023-09-01 18:00:00,2023-09-01 21:00:00,0 days 03:00:00,sweep
-660,1459,1545,1945.1,1925.97,1946.7467857142856,1914.6267142857143,12114.818759999924,510.98123999999996,0.009436936918410337,2023-09-04 10:00:00,2023-09-08 06:00:00,3 days 20:00:00,sweep
495,1554,1558,1920.64,1918.1991071428572,1918.1991071428572,1946.071642857143,-1588.2870358928778,380.0450716071429,-0.0016706205632349117,2023-09-08 15:00:00,2023-09-08 19:00:00,0 days 04:00:00,ob
-523,1739,1739,1932.2,1934.4919642857142,1934.4919642857142,1901.2007857142858,-1603.1533008927756,404.45597946428575,-0.0015864313624735726,2023-09-20 16:00:00,2023-09-20 16:00:00,0 days 00:00:00,sweep
-978,1779,1779,1925.54,1926.5139285714286,1926.5139285714286,1914.0855714285715,-1705.9638912857295,753.4617484285715,-0.0009058961938691167,2023-09-22 10:00:00,2023-09-22 10:00:00,0 days 00:00:00,sweep
-467,1781,1820,1926.95,1914.0812857142857,1929.4332142857143,1914.0812857142857,5650.9372493428655,358.75232208571435,0.0062796170261664366,2023-09-22 12:00:00,2023-09-26 05:00:00,3 days 17:00:00,ob
-407,1900,1902,1874.59,1857.957642857143,1877.574107142857,1857.957642857143,6465.5399790142355,303.8293781285714,0.008474305109002865,2023-09-29 16:00:00,2023-09-29 18:00:00,0 days 02:00:00,ob
-367,2016,2017,1831.03,1834.5158928571427,1834.5158928571427,1815.6163571428572,-1548.3737471071013,269.0510685357143,-0.0023041687114433687,2023-10-06 17:00:00,2023-10-06 18:00:00,0 days 01:00:00,ob
-340,2294,2314,1975.71,1979.4241071428573,1979.4241071428573,1935.6336428571428,-1531.745547857197,268.94911928571435,-0.002280260748938705,2023-10-24 19:00:00,2023-10-25 16:00:00,0 days 21:00:00,ob
347,2338,2364,1971.97,1996.7685000000001,1968.36625,1996.7685000000001,8329.649048100036,275.4304519,0.012172980471305286,2023-10-26 17:00:00,2023-10-27 20:00:00,1 days 03:00:00,ob
216,2410,2412,1983.45,1984.6,1977.2776785714284,2008.9330714285716,76.98023999997054,171.41976,0.00017968186745315407,2023-10-31 19:00:00,2023-10-31 21:00:00,0 days 02:00:00,ob
-128,2474,2477,1994.58,1994.49,2004.9873214285715,1971.9969285714287,-90.60019200001048,102.120192,-0.0003548686941611866,2023-11-03 14:00:00,2023-11-03 17:00:00,0 days 03:00:00,ob
220,2483,2487,1989.23,1983.1707142857142,1983.1707142857142,2007.3942857142858,-1507.8284885714488,174.78563142857143,-0.003445436604687714,2023-11-06 01:00:00,2023-11-06 05:00:00,0 days 04:00:00,ob
377,2493,2499,1985.74,1982.249642857143,1982.249642857143,2007.5618571428572,-1615.0510619285044,299.1864190714286,-0.0021573595090134423,2023-11-06 11:00:00,2023-11-06 17:00:00,0 days 06:00:00,ob
294,2501,2504,1983.5,1979.0589285714286,1979.0589285714286,2007.5735714285715,-1538.6734649999848,232.998465,-0.0026385597248730136,2023-11-06 19:00:00,2023-11-06 22:00:00,0 days 03:00:00,sweep
-352,2635,2636,1957.67,1961.32375,1961.32375,1933.3935,-1562.0171599999808,275.89716,-0.002266750141750193,2023-11-14 15:00:00,2023-11-14 16:00:00,0 days 01:00:00,ob
465,2704,2705,1984.67,1981.9391071428572,1981.9391071428572,1993.0756428571428,-1638.7598255357168,368.89464696428576,-0.001775718219437711,2023-11-17 15:00:00,2023-11-17 16:00:00,0 days 01:00:00,ob
278,2727,2729,1965.61,1970.11,1961.1001785714286,1992.9800714285714,1032.173968,218.826032,0.0018889077690896006,2023-11-20 15:00:00,2023-11-20 17:00:00,0 days 02:00:00,ob
-433,2791,2817,1996.31,1999.2821428571428,1999.2821428571428,1965.7048571428572,-1632.9561367143037,346.0182795714286,-0.0018891160619915839,2023-11-23 10:00:00,2023-11-24 15:00:00,1 days 05:00:00,sweep
436,2930,2931,2036.67,2051.6085,2033.80625,2051.6085,6156.68811479989,356.4978852,0.006933300092798371,2023-12-01 16:00:00,2023-12-01 17:00:00,0 days 01:00:00,ob
558,3023,3025,2026.4,2024.0728571428572,2024.0728571428572,2144.3191428571427,-1750.5784851428905,452.03277085714285,-0.00154818270261132,2023-12-07 17:00:00,2023-12-07 19:00:00,0 days 02:00:00,sweep
443,3039,3044,2028.94,2026.0255357142855,2026.0255357142855,2120.112214285714,-1650.3776250358223,359.2699464642857,-0.0018361594689135,2023-12-08 10:00:00,2023-12-08 15:00:00,0 days 05:00:00,ob
-294,3090,3106,1996.43,1976.1212142857144,2000.7730357142857,1976.1212142857144,5737.196988599998,233.58601140000002,0.00977458537060076,2023-12-12 15:00:00,2023-12-13 08:00:00,0 days 17:00:00,ob
-412,3113,3119,1985.93,1989.1671428571428,1989.1671428571428,1973.2908571428572,-1661.2508617142503,327.5480045714286,-0.0020303647589362955,2023-12-13 15:00:00,2023-12-13 21:00:00,0 days 06:00:00,ob
-170,3186,3206,2031.88,2039.598392857143,2039.598392857143,1973.427357142857,-1450.5570510714217,138.43026535714284,-0.004199405740355881,2023-12-18 19:00:00,2023-12-19 16:00:00,0 days 21:00:00,ob
180,3349,3363,2070.36,2063.13,2063.13,2088.05,-1450.2056400000033,148.80564000000004,-0.0038914478641395443,2023-12-28 21:00:00,2023-12-29 12:00:00,0 days 15:00:00,ob
335,3364,3366,2064.74,2060.9414285714283,2060.9414285714283,2088.1985714285715,-1548.9420842857212,276.42065571428566,-0.002239365592900724,2023-12-29 13:00:00,2023-12-29 15:00:00,0 days 02:00:00,sweep
557,3390,3391,2063.62,2061.334464285714,2061.334464285714,2088.111785714286,-1732.5633201785872,459.51992732142855,-0.0015073155945100698,2024-01-02 16:00:00,2024-01-02 17:00:00,0 days 01:00:00,ob
147,3393,3408,2066.05,2057.529642857143,2057.529642857143,2087.9138571428575,-1373.7257415000367,121.23324150000002,-0.004523159203034191,2024-01-02 19:00:00,2024-01-03 11:00:00,0 days 16:00:00,sweep
-361,3460,3473,2063.31,2032.1742142857145,2066.745535714286,2032.1742142857145,10944.324682585628,295.69396027142864,0.01469323023269813,2024-01-05 17:00:00,2024-01-08 07:00:00,2 days 14:00:00,ob
211,3508,3520,2031.12,2024.7505357142857,2024.7505357142857,2063.5902142857144,-1515.1147008928453,171.15773660714285,-0.003535309776309217,2024-01-09 19:00:00,2024-01-10 08:00:00,0 days 13:00:00,sweep
176,3522,3531,2030.84,2023.2816071428572,2023.2816071428572,2063.710642857143,-1472.98222342855,142.7050805714286,-0.004121061816081636,2024-01-10 10:00:00,2024-01-10 19:00:00,0 days 09:00:00,sweep
-210,3672,3681,2024.39,2029.8810714285714,2029.8810714285714,2002.0004285714285,-1323.4043849999796,170.27938500000002,-0.003112999789001612,2024-01-19 01:00:00,2024-01-19 10:00:00,0 days 09:00:00,ob
365,3701,3703,2022.96,2019.3807142857142,2019.3807142857142,2058.1922857142854,-1601.5301578571698,295.09087214285717,-0.0021689770717873385,2024-01-22 07:00:00,2024-01-22 09:00:00,0 days 02:00:00,ob
338,3756,3757,2025.7,2021.8844642857143,2021.8844642857143,2039.1777857142856,-1563.267781214286,273.6167097857143,-0.002283187346173135,2024-01-24 16:00:00,2024-01-24 17:00:00,0 days 01:00:00,ob
-203,3818,3823,2031.31,2028.02,2037.5808928571428,2011.380357142857,503.0612019999926,164.80879800000002,0.00121996839477976,2024-01-29 09:00:00,2024-01-29 14:00:00,0 days 05:00:00,ob
256,3850,3871,2032.71,2048.1304285714286,2027.6860714285715,2048.1304285714286,3738.6906843428646,208.93902994285716,0.007184625689702086,2024-01-30 18:00:00,2024-01-31 16:00:00,0 days 22:00:00,sweep
371,3890,3891,2035.86,2031.97,,2055.5762142857143,-1745.0229859999527,301.832986,-0.0023103582761093075,2024-02-01 12:00:00,2024-02-01 13:00:00,0 days 01:00:00,ob
125,3894,3896,2039.93,2055.609642857143,2029.569107142857,2055.609642857143,1857.5668660714598,102.38849107142859,0.007284825914895068,2024-02-01 16:00:00,2024-02-01 18:00:00,0 days 02:00:00,sweep
116,3916,3917,2041.28,2029.9710714285713,2029.9710714285713,2065.1924285714285,-1406.2887391428633,94.45302485714286,-0.005939008262322816,2024-02-02 15:00:00,2024-02-02 16:00:00,0 days 01:00:00,ob
194,3920,3931,2036.18,2029.4667857142856,2029.4667857142856,2065.014714285714,-1460.110666714319,157.7470952857143,-0.003696305652180688,2024-02-02 19:00:00,2024-02-05 07:00:00,2 days 12:00:00,ob
-375,3957,3962,2026.27,2029.6992857142857,2029.6992857142857,2015.0437142857143,-1590.179839285708,304.1976964285715,-0.0020927514948297795,2024-02-06 10:00:00,2024-02-06 15:00:00,0 days 05:00:00,sweep
-471,3963,3963,2029.12,2031.835,2031.835,2015.094,-1661.3069610000684,382.541961,-0.0017382860550387803,2024-02-06 16:00:00,2024-02-06 16:00:00,0 days 00:00:00,sweep
-597,4031,4055,2036.25,2014.9792857142857,2038.3582142857142,2014.9792857142857,12214.89965185718,483.71677671428574,0.010048112181005013,2024-02-09 15:00:00,2024-02-12 16:00:00,3 days 01:00:00,ob
-491,4077,4078,2030.86,2004.45,2033.670892857143,2011.9543571428571,12571.042557999928,396.26744199999996,0.012606943856297242,2024-02-13 15:00:00,2024-02-13 16:00:00,0 days 01:00:00,ob
726,4215,4217,2024.29,2022.2157142857143,2022.2157142857143,2032.0322857142858,-2093.4840582856887,587.5526297142858,-0.001424492961553349,2024-02-21 17:00:00,2024-02-21 19:00:00,0 days 02:00:00,ob
413,4237,4237,2025.74,2022.1094642857142,2022.1094642857142,2034.5637857142856,-1833.763615750023,334.35236575,-0.0021918437741975643,2024-02-22 16:00:00,2024-02-22 16:00:00,0 days 00:00:00,sweep
445,4252,4257,2018.14,2022.89,2014.8482142857144,2034.5232857142855,1754.09833,359.65167,0.0019531816425024267,2024-02-23 08:00:00,2024-02-23 13:00:00,0 days 05:00:00,ob
-309,4260,4261,2025.31,2030.2080357142856,2030.2080357142856,2013.5292142857143,-1764.1240503214233,250.63101460714287,-0.002818896525187979,2024-02-23 16:00:00,2024-02-23 17:00:00,0 days 01:00:00,sweep
-314,4262,4263,2031.21,2038.32,,2013.5564285714286,-2488.1064839999685,255.566484,-0.003901076698125787,2024-02-23 18:00:00,2024-02-23 19:00:00,0 days 01:00:00,ob
-209,4330,4351,2031.83,2038.748392857143,2038.748392857143,2016.2433571428571,-1616.0942839643344,170.15017682142857,-0.003805686763023679,2024-02-28 17:00:00,2024-02-29 15:00:00,0 days 22:00:00,sweep
234,4467,4475,2149.07,2161.1202142857146,2142.9755357142853,2161.1202142857146,2618.033240828609,201.71690202857144,0.005206054825043995,2024-03-07 16:00:00,2024-03-08 01:00:00,0 days 09:00:00,ob
344,4535,4536,2169.35,2165.1264285714287,2165.1264285714287,2194.894571428571,-1751.1205497141991,298.2119782857143,-0.0023465400761912185,2024-03-12 14:00:00,2024-03-12 15:00:00,0 days 01:00:00,ob
423,4537,4538,2158.43,2162.0,2155.036964285714,2194.6787857142854,1144.6016220000693,365.508378,0.0012536491801913108,2024-03-12 16:00:00,2024-03-12 17:00:00,0 days 01:00:00,ob
-402,4563,4679,2175.95,2179.54625,2179.54625,2144.6025,-1795.874398500022,350.1818985,-0.0020530569406466944,2024-03-13 19:00:00,2024-03-20 20:00:00,7 days 01:00:00,ob
235,4724,4726,2159.6,2163.14,2153.534821428572,2221.6599285714287,628.7312199999915,203.16878000000003,0.001238864604556392,2024-03-22 19:00:00,2024-03-22 21:00:00,0 days 02:00:00,ob
-162,4742,4762,2172.55,2181.367142857143,2181.367142857143,2147.650857142857,-1569.4440582856887,141.06691542857146,-0.004459242036185239,2024-03-25 14:00:00,2024-03-26 11:00:00,0 days 21:00:00,ob
275,4768,4815,2174.1,2222.009642857143,2168.9491071428574,2222.009642857143,12933.365755357154,241.78603035714286,0.021632133263682244,2024-03-26 17:00:00,2024-03-28 18:00:00,2 days 01:00:00,ob
-302,5023,5024,2352.4,2356.27,2357.5225,2268.415,-1453.143667999967,284.40366800000004,-0.002045457405203255,2024-04-11 20:00:00,2024-04-11 21:00:00,0 days 01:00:00,ob
92,5046,5066,2346.85,2330.348392857143,2330.348392857143,2394.545357142857,-1604.2083075713929,86.06045042857144,-0.007429979257910916,2024-04-12 20:00:00,2024-04-15 17:00:00,2 days 21:00:00,ob
54,5067,5121,2349.4,2367.89,2321.42625,2430.4185,947.5132679999882,50.946732000000004,0.007468520473312324,2024-04-15 18:00:00,2024-04-18 03:00:00,2 days 09:00:00,sweep
-107,5131,5145,2382.91,2397.0916071428574,2397.0916071428574,2324.7566428571427,-1619.7239986786099,102.29203439285715,-0.006352572050260421,2024-04-18 13:00:00,2024-04-19 04:00:00,0 days 15:00:00,ob
-223,5226,5228,2324.5,2331.2769642857143,2331.2769642857143,2291.9767857142856,-1718.9106883214222,207.64765260714285,-0.0033160334173247133,2024-04-24 16:00:00,2024-04-24 18:00:00,0 days 02:00:00,ob
-90,5229,5250,2322.52,2339.111785714286,2339.111785714286,2292.1587142857143,-1577.1700864285822,83.90937214285715,-0.007545300824719925,2024-04-24 19:00:00,2024-04-25 17:00:00,0 days 22:00:00,sweep
366,5273,5283,2331.38,2327.343571428571,2327.343571428571,2369.8974285714285,-1818.3514225716008,341.01856542857143,-0.002131001074777443,2024-04-26 17:00:00,2024-04-29 04:00:00,2 days 11:00:00,ob
84,5311,5315,2320.66,2314.83,2303.318392857143,2351.907357142857,-567.5962319999938,77.876232,-0.002911713908974185,2024-04-30 09:00:00,2024-04-30 13:00:00,0 days 04:00:00,ob
-320,5409,5410,2322.95,2327.4951785714284,2327.4951785714284,2278.0140714285717,-1752.0856342857078,297.62849142857146,-0.0023570320528391977,2024-05-06 15:00:00,2024-05-06 16:00:00,0 days 01:00:00,ob
448,5427,5428,2320.42,2317.1860714285717,2317.1860714285717,2331.536428571428,-1864.3295039999011,415.5295040000001,-0.0017934036880022219,2024-05-07 10:00:00,2024-05-07 11:00:00,0 days 01:00:00,sweep
303,5432,5444,2311.72,2307.044821428571,2307.044821428571,2331.5519285714286,-1696.4762553214553,279.8971481785714,-0.002421976509142288,2024-05-07 15:00:00,2024-05-08 04:00:00,0 days 13:00:00,ob
298,5452,5453,2307.27,2310.84,2302.593214285714,2331.5392857142856,788.6206440000487,275.23935600000004,0.0011469736961863728,2024-05-08 12:00:00,2024-05-08 13:00:00,0 days 01:00:00,sweep
-373,5457,5459,2316.83,2320.6003571428573,2320.6003571428573,2277.900142857143,-1752.2955189286645,345.95230464285714,-0.00202770303142043,2024-05-08 17:00:00,2024-05-08 19:00:00,0 days 02:00:00,ob
-291,5478,5479,2321.12,2326.71,,2277.7192142857143,-1897.1937060000423,270.50370599999997,-0.002808801785345015,2024-05-09 15:00:00,2024-05-09 16:00:00,0 days 01:00:00,ob
182,5687,5691,2386.63,2379.1071428571427,2379.1071428571427,2449.0408571428575,-1542.6328320000553,173.47283199999998,-0.0035514531248785966,2024-05-22 17:00:00,2024-05-22 21:00:00,0 days 04:00:00,ob
315,5794,5797,2345.17,2340.8621428571428,2340.8621428571428,2418.744857142857,-1652.19502500005,295.22002499999996,-0.002236538746201222,2024-05-29 11:00:00,2024-05-29 14:00:00,0 days 03:00:00,ob
-374,5845,5846,2356.97,2348.35,2360.552142857143,2326.072857142857,2871.9220639999594,351.957936,0.0032579693419940714,2024-05-31 16:00:00,2024-05-31 17:00:00,0 days 01:00:00,ob
-215,5862,5865,2326.19,2332.5446428571427,2332.5446428571427,2315.3638571428573,-1566.573803928518,200.32558964285715,-0.0031323278776515012,2024-06-03 10:00:00,2024-06-03 13:00:00,0 days 03:00:00,ob
-85,5869,5924,2342.34,2355.04,2358.173035714286,2315.319214285714,-1159.3554599999845,79.85546000000001,-0.005823012884551251,2024-06-03 17:00:00,2024-06-06 03:00:00,2 days 10:00:00,ob
316,6009,6050,2308.36,2304.122142857143,2304.122142857143,2387.134857142857,-1630.671728571427,291.5088714285714,-0.00223550640776511,2024-06-11 19:00:00,2024-06-13 14:00:00,1 days 19:00:00,ob
67,6052,6054,2323.33,2303.869642857143,2303.869642857143,2387.005857142857,-1365.8484037857042,62.00447521428572,-0.008774387224986746,2024-06-13 16:00:00,2024-06-13 18:00:00,0 days 02:00:00,sweep
183,6055,6198,2297.51,2319.17,2290.369642857143,2373.077857142857,3794.8095119999734,168.97048800000002,0.009025712184059967,2024-06-13 19:00:00,2024-06-24 03:00:00,10 days 08:00:00,ob
-382,6279,6280,2318.98,2322.77,,2310.219214285714,-1802.409699999986,354.6297,-0.0020346661032005697,2024-06-27 15:00:00,2024-06-27 16:00:00,0 days 01:00:00,ob
-516,6298,6298,2327.17,2329.770892857143,2329.770892857143,2294.0423571428573,-1822.6570144285179,480.5963001428572,-0.001517844006116425,2024-06-28 11:00:00,2024-06-28 11:00:00,0 days 00:00:00,sweep
208,6320,6327,2326.55,2320.2355357142856,2320.2355357142856,2339.312214285714,-1506.7148497143555,193.3062782857143,-0.003113546406850243,2024-07-01 10:00:00,2024-07-01 17:00:00,0 days 07:00:00,sweep
266,6329,6347,2326.99,2322.108214285714,2322.108214285714,2339.121285714286,-1545.887025000022,247.332025,-0.002497477581400363,2024-07-01 19:00:00,2024-07-02 14:00:00,0 days 19:00:00,ob
184,6350,6365,2325.66,2339.2100714285716,2318.7001785714288,2339.2100714285716,2321.5459242286315,171.66721862857145,0.0054251685174471,2024-07-02 17:00:00,2024-07-03 09:00:00,0 days 16:00:00,ob
214,6441,6442,2366.87,2355.54,,2392.4182857142855,-2626.739147999984,202.119148,-0.005185955291165055,2024-07-08 18:00:00,2024-07-08 19:00:00,0 days 01:00:00,ob
251,6462,6463,2360.2,2355.1225,2355.1225,2392.5029999999997,-1511.161689499968,236.70918949999998,-0.002550870477078136,2024-07-09 16:00:00,2024-07-09 17:00:00,0 days 01:00:00,sweep
299,6787,6835,2375.21,2431.276642857143,2370.9816071428572,2431.276642857143,16476.498313042917,287.42790124285716,0.023200199362823276,2024-07-29 19:00:00,2024-07-31 21:00:00,2 days 02:00:00,ob
252,6877,6878,2428.91,2423.2458928571427,2423.2458928571427,2457.5263571428573,-1671.9036569999942,244.548657,-0.002731487919037207,2024-08-02 17:00:00,2024-08-02 18:00:00,0 days 01:00:00,ob
-212,6966,6969,2410.2,2414.0,2416.848214285714,2364.627285714286,-1010.1460800000386,204.54608000000002,-0.001976947971122764,2024-08-08 14:00:00,2024-08-08 17:00:00,0 days 03:00:00,ob
-208,7104,7105,2470.4,2477.1219642857145,2477.1219642857145,2417.208785714286,-1603.9854851428852,205.81691371428573,-0.003121546582970896,2024-08-16 14:00:00,2024-08-16 15:00:00,0 days 01:00:00,ob
256,7175,7176,2503.58,2498.1719642857142,2498.1719642857142,2531.030785714286,-1640.546843428565,256.0897005714286,-0.0025596889682546167,2024-08-21 16:00:00,2024-08-21 17:00:00,0 days 01:00:00,ob
71,7198,7199,2494.94,2475.706964285714,2475.706964285714,2530.840785714286,-1436.1287226071604,70.58318689285714,-0.008107275167796846,2024-08-22 16:00:00,2024-08-22 17:00:00,0 days 01:00:00,ob
-137,7216,7222,2495.19,2505.039107142857,2505.039107142857,2471.113642857143,-1486.3339561071323,137.0062775357143,-0.004348026789256726,2024-08-23 11:00:00,2024-08-23 17:00:00,0 days 06:00:00,ob
-132,7223,7238,2509.07,2519.2089285714287,2519.2089285714287,2471.2935714285713,-1471.0851351428544,132.74656371428574,-0.004441719185651632,2024-08-23 18:00:00,2024-08-26 10:00:00,2 days 16:00:00,sweep
460,7245,7256,2510.75,2507.867142857143,2507.867142857143,2531.128857142857,-1787.8270628571322,461.71277714285714,-0.0015479759320635492,2024-08-26 17:00:00,2024-08-27 05:00:00,0 days 12:00:00,ob
-255,7261,7272,2516.75,2521.883928571429,2521.883928571429,2471.1555714285714,-1566.1221160715113,256.97033035714287,-0.002440312052108211,2024-08-27 10:00:00,2024-08-27 21:00:00,0 days 11:00:00,ob
-268,7290,7300,2507.75,2512.559285714286,2512.559285714286,2471.249714285714,-1557.9771491429428,269.08857771428575,-0.002318152755030927,2024-08-28 16:00:00,2024-08-29 03:00:00,0 days 11:00:00,ob
-280,7316,7317,2522.5,2527.0480357142856,2527.0480357142856,2493.5852142857143,-1556.224689999957,282.77469,-0.002203347996601927,2024-08-29 19:00:00,2024-08-29 20:00:00,0 days 01:00:00,sweep
-316,7354,7355,2501.84,2506.16,,2490.439428571429,-1681.625599999908,316.5056,-0.002127074473187631,2024-09-02 11:00:00,2024-09-02 12:00:00,0 days 01:00:00,ob
-215,7405,7418,2496.16,2501.898035714286,2501.898035714286,2472.4692142857143,-1448.5941741072195,214.91649553571432,-0.002699204907309093,2024-09-04 18:00:00,2024-09-05 08:00:00,0 days 14:00:00,sweep
540,7452,7453,2494.97,2488.91,,2526.339,-3810.6590399999704,538.2590399999999,-0.0028284011430999446,2024-09-06 19:00:00,2024-09-06 20:00:00,0 days 01:00:00,ob
303,7517,7518,2519.03,2508.07,,2528.6967142857143,-3625.522260000011,304.6422600000001,-0.004750010916900584,2024-09-11 15:00:00,2024-09-11 16:00:00,0 days 01:00:00,ob
262,7519,7540,2507.05,2528.4840714285715,2502.640178571429,2528.4840714285715,5351.864728942827,263.86198534285717,0.008147809024265725,2024-09-11 17:00:00,2024-09-12 15:00:00,0 days 22:00:00,ob
-140,7631,7638,2579.27,2587.9076785714287,2587.9076785714287,2511.3350714285716,-1353.955975000025,144.680975,-0.0037495547605108583,2024-09-18 14:00:00,2024-09-18 21:00:00,0 days 07:00:00,ob
358,7696,7697,2620.3,2615.05,,2630.769214285714,-2254.35106,374.85106,-0.002403186658016235,2024-09-23 10:00:00,2024-09-23 11:00:00,0 days 01:00:00,ob
350,7698,7702,2616.74,2630.7411428571427,2613.3928571428573,2630.7411428571427,4533.076320000013,367.32367999999997,0.004949535157704438,2024-09-23 12:00:00,2024-09-23 16:00:00,0 days 04:00:00,sweep
303,7719,7726,2623.52,2639.514142857143,2619.4953571428573,2639.514142857143,4527.285416657136,318.93986905714286,0.005695224747122718,2024-09-24 10:00:00,2024-09-24 17:00:00,0 days 07:00:00,ob
321,7791,7795,2662.81,2658.8757142857144,2658.8757142857144,2684.958285714286,-1604.557937142814,341.6522228571429,-0.0018771984697153452,2024-09-27 13:00:00,2024-09-27 17:00:00,0 days 04:00:00,ob
-91,7840,7903,2662.23,2660.15,2675.8889285714286,2623.2355714285713,92.41268399999338,96.867316,0.0003814561476656959,2024-10-01 16:00:00,2024-10-04 10:00:00,2 days 18:00:00,ob
212,7908,7944,2639.8,2633.9178571428574,2633.9178571428574,2672.6471428571426,-1470.6199228571209,223.60563714285718,-0.0026278075720022184,2024-10-04 15:00:00,2024-10-08 05:00:00,3 days 14:00:00,ob
276,7950,7950,2634.0,2629.5476785714286,2629.5476785714286,2669.4930714285715,-1519.3885461428479,290.5478318571429,-0.0020899889765700723,2024-10-08 11:00:00,2024-10-08 11:00:00,0 days 00:00:00,sweep
146,8211,8213,2720.03,2716.59,2711.6789285714285,2757.689571428571,-660.989304000008,158.74930400000002,-0.001664438995158128,2024-10-23 19:00:00,2024-10-23 21:00:00,0 days 02:00:00,ob
142,8272,8300,2732.1,2757.821,2723.5975,2757.821,3496.4682436000003,155.9137564,0.009012487024633161,2024-10-28 10:00:00,2024-10-29 15:00:00,1 days 05:00:00,ob
204,8347,8348,2753.43,2734.6,2747.332321428571,2789.4429285714286,-4065.231623999985,223.91162400000002,-0.007237375201112718,2024-10-31 16:00:00,2024-10-31 17:00:00,0 days 01:00:00,ob
-341,8415,8415,2744.71,2748.3364285714283,2748.3364285714283,2725.3485714285716,-1611.237909285614,374.6257664285714,-0.0017215071381467214,2024-11-05 16:00:00,2024-11-05 16:00:00,0 days 00:00:00,sweep
-154,8595,8596,2564.87,2572.6001785714284,2572.6001785714284,2537.3780714285713,-1348.6815814999884,158.2340815,-0.0034144703658052916,2024-11-15 12:00:00,2024-11-15 13:00:00,0 days 01:00:00,ob
-98,8599,8609,2565.21,2577.301785714286,2577.301785714286,2537.4227142857144,-1285.7882310000118,100.793231,-0.005114703307498603,2024-11-15 16:00:00,2024-11-18 03:00:00,2 days 11:00:00,sweep
217,8665,8668,2625.09,2641.2712857142856,2619.743214285714,2641.2712857142856,3282.7789201999367,228.5600798,0.005762855161972664,2024-11-20 13:00:00,2024-11-20 16:00:00,0 days 03:00:00,sweep
166,8793,8794,2633.09,2625.91625,2625.91625,2720.7725,-1365.441507499988,174.59900750000003,-0.0031239157225920423,2024-11-28 03:00:00,2024-11-28 04:00:00,0 days 01:00:00,ob
205,8889,8893,2641.05,2635.464107142857,2635.464107142857,2665.891642857143,-1361.445114107241,216.33707839285714,-0.0025146042969924525,2024-12-04 11:00:00,2024-12-04 15:00:00,0 days 04:00:00,sweep
101,8911,8918,2646.53,2635.025,2635.025,2665.868,-1268.6924110000111,106.68741100000003,-0.004746332367288495,2024-12-05 10:00:00,2024-12-05 17:00:00,0 days 07:00:00,ob
-152,8948,8952,2647.52,2646.11,2655.124107142857,2613.037642857143,53.39364799997787,160.926352,0.00013268039523777652,2024-12-09 01:00:00,2024-12-09 05:00:00,0 days 04:00:00,ob
203,9031,9032,2697.55,2691.860714285714,2691.860714285714,2725.462285714286,-1373.7350750000871,218.810075,-0.0025086348194262977,2024-12-12 15:00:00,2024-12-12 16:00:00,0 days 01:00:00,ob
175,9051,9052,2665.57,2666.66,2659.0473214285716,2725.2569285714285,4.121949999945883,186.62805,8.836383962842283e-06,2024-12-13 12:00:00,2024-12-13 13:00:00,0 days 01:00:00,ob
-168,9118,9126,2649.04,2633.4380714285717,2655.8201785714286,2633.4380714285717,2443.6327367999525,177.4912632,0.0054908317568411955,2024-12-18 10:00:00,2024-12-18 18:00:00,0 days 08:00:00,ob
-129,9141,9143,2616.56,2625.5305357142856,2625.5305357142856,2584.080214285714,-1292.4450429642825,135.2459358214286,-0.003829055638482817,2024-12-19 10:00:00,2024-12-19 12:00:00,0 days 02:00:00,sweep
-153,9223,9225,2625.98,2627.62,2633.527321428571,2583.4909285714284,-411.68015999998056,160.76016,-0.001024653653112213,2024-12-26 03:00:00,2024-12-26 05:00:00,0 days 02:00:00,ob
274,9259,9260,2617.92,2615.65,2613.729464285714,2632.8397857142854,-908.7796359999951,286.7996360000001,-0.0012669271788289993,2024-12-27 16:00:00,2024-12-27 17:00:00,0 days 01:00:00,ob
226,9367,9374,2625.29,2620.2501785714285,2620.2501785714285,2664.6580714285715,-1376.0980589285844,237.09841607142857,-0.0023193359454710557,2025-01-06 09:00:00,2025-01-06 16:00:00,0 days 07:00:00,ob
58,9375,9394,2631.53,2664.2315,2612.15375,2664.2315,1835.2561665999808,61.430833400000004,0.012024315778273443,2025-01-06 17:00:00,2025-01-07 15:00:00,0 days 22:00:00,sweep
217,9463,9464,2666.74,2682.41,2661.471607142857,2678.3126428571427,3168.2368900000156,232.15311,0.0054749131898873,2025-01-10 15:00:00,2025-01-10 16:00:00,0 days 01:00:00,ob
173,9483,9485,2678.68,2671.8878571428572,2671.8878571428572,2697.413142857143,-1360.170362142814,185.12964785714286,-0.0029351234296635044,2025-01-13 12:00:00,2025-01-13 14:00:00,0 days 02:00:00,ob
163,9666,9667,2751.47,2744.1925,2744.1925,2763.0229999999997,-1365.3910974999496,179.1585975,-0.0030444208005173754,2025-01-23 13:00:00,2025-01-23 14:00:00,0 days 01:00:00,sweep
158,9669,9680,2741.72,2762.8999285714285,2734.2048214285714,2762.8999285714285,3172.4827245428805,173.94598974285714,0.0073235066256636,2025-01-23 16:00:00,2025-01-24 04:00:00,0 days 12:00:00,sweep
256,9703,9708,2754.64,2750.0296428571432,2750.0296428571432,2777.7998571428575,-1462.0905142855827,281.8390857142857,-0.0020733348355603393,2025-01-27 04:00:00,2025-01-27 09:00:00,0 days 05:00:00,ob
100,9715,9717,2745.79,2734.1680357142855,2734.1680357142855,2785.3752142857143,-1271.795589285737,109.59916071428572,-0.004631802101711065,2025-01-27 16:00:00,2025-01-27 18:00:00,0 days 02:00:00,ob
-143,9743,9778,2764.94,2772.999642857143,2772.999642857143,2730.927857142857,-1310.9140023571617,158.38507378571433,-0.0033155261183658922,2025-01-28 21:00:00,2025-01-30 10:00:00,1 days 13:00:00,ob
-113,9824,9828,2794.34,2804.38375,2804.38375,2735.7235,-1261.4749067499795,126.53115675000001,-0.003995038094863033,2025-02-03 10:00:00,2025-02-03 14:00:00,0 days 04:00:00,ob
161,9847,9852,2812.87,2829.8052142857146,2805.7030357142858,2829.8052142857146,2544.875358100061,181.69414190000003,0.005619413354636913,2025-02-04 10:00:00,2025-02-04 15:00:00,0 days 05:00:00,sweep
103,9893,9900,2849.01,2837.8073214285714,2837.8073214285714,2876.4249285714286,-1271.0243296785954,117.14843682142859,-0.004331343882862691,2025-02-06 10:00:00,2025-02-06 17:00:00,0 days 07:00:00,ob
61,9901,9923,2850.82,2881.6106428571425,2831.901607142857,2881.6106428571425,1808.2935604428233,69.93565384285714,0.010398466661722299,2025-02-06 18:00:00,2025-02-07 17:00:00,0 days 23:00:00,sweep
167,9963,9966,2906.68,2899.7428571428572,2899.7428571428572,2941.4731428571426,-1352.437380571384,193.93452342857142,-0.0027861434449512976,2025-02-11 11:00:00,2025-02-11 14:00:00,0 days 03:00:00,ob
158,9987,9990,2880.11,2872.8812500000004,2872.8812500000004,2941.3205,-1323.9370234999626,181.79452350000003,-0.0029093847978028118,2025-02-12 12:00:00,2025-02-12 15:00:00,0 days 03:00:00,ob
48,9991,10099,2884.97,2941.724714285714,2861.401785714286,2941.724714285714,2668.290016457142,55.936269257142854,0.019268614697157058,2025-02-12 16:00:00,2025-02-19 11:00:00,6 days 19:00:00,sweep
508,10190,10194,2931.61,2929.2648214285714,2929.2648214285714,2955.5299285714286,-1786.815596142939,595.4648818571429,-0.0011998026803409453,2025-02-25 10:00:00,2025-02-25 14:00:00,0 days 04:00:00,sweep
-173,10273,10274,2860.63,2870.81,,2833.5507142857145,-1959.4478239999717,198.307824,-0.00395936839087882,2025-03-03 01:00:00,2025-03-03 02:00:00,0 days 01:00:00,ob
-155,10285,10288,2874.91,2882.1426785714284,2882.1426785714284,2833.3590714285715,-1299.5338116071396,178.46863303571428,-0.002916296199582907,2025-03-03 13:00:00,2025-03-03 16:00:00,0 days 03:00:00,ob
-86,10289,10293,2880.86,2889.88,2893.7591071428574,2833.257642857143,-874.9767279999985,99.25672800000001,-0.003531635692119759,2025-03-03 17:00:00,2025-03-03 21:00:00,0 days 04:00:00,ob
-210,10358,10379,2919.76,2925.0055357142855,2925.0055357142855,2833.3962142857144,-1347.0426524999182,245.48015250000003,-0.0021969233161041853,2025-03-06 17:00:00,2025-03-07 15:00:00,0 days 22:00:00,ob
-75,10380,10380,2913.71,2928.1533928571425,2928.1533928571425,2859.5333571428573,-1170.8824151785445,87.62795089285714,-0.0053580368450236344,2025-03-07 16:00:00,2025-03-07 16:00:00,0 days 00:00:00,sweep
-149,10405,10407,2909.25,2885.0299285714286,2916.469821428572,2885.0299285714286,3436.121100985706,172.66954187142858,0.00792685930836374,2025-03-10 17:00:00,2025-03-10 19:00:00,0 days 02:00:00,ob
-92,10446,10451,2914.72,2926.7251785714284,2926.7251785714284,2880.766071428571,-1211.9590198571443,107.48259128571429,-0.00451963399816882,2025-03-12 12:00:00,2025-03-12 17:00:00,0 days 05:00:00,sweep
167,10584,10602,3034.15,3027.5691071428573,3027.5691071428573,3056.6336428571426,-1301.4705253214142,202.46141817857142,-0.0025685073838048436,2025-03-20 12:00:00,2025-03-21 07:00:00,0 days 19:00:00,ob
245,10611,10612,3002.76,3015.5,2998.3364285714283,3056.868571428571,2826.4052599999463,294.89474,0.003841914771743324,2025-03-21 16:00:00,2025-03-21 17:00:00,0 days 01:00:00,ob
-138,10628,10629,3022.32,3030.3796428571427,3030.3796428571427,2999.9998571428573,-1279.285224428527,167.05451014285717,-0.003067240658075327,2025-03-24 10:00:00,2025-03-24 11:00:00,0 days 01:00:00,sweep
-106,10630,10698,3028.87,3039.175892857143,3039.175892857143,3000.024357142857,-1221.0672157857439,128.64257292857144,-0.0038032342212490074,2025-03-24 12:00:00,2025-03-27 11:00:00,2 days 23:00:00,ob
129,10772,10773,3126.35,3117.926428571429,3117.926428571429,3148.0865714285715,-1247.7430461428012,161.10233185714287,-0.0030938400096871066,2025-04-01 17:00:00,2025-04-01 18:00:00,0 days 01:00:00,ob
72,10814,10816,3089.67,3074.804642857143,3074.804642857143,3147.909857142857,-1159.0741491428607,88.76843485714286,-0.005210346759177728,2025-04-03 13:00:00,2025-04-03 15:00:00,0 days 02:00:00,ob
-124,10838,10841,3126.01,3055.0839285714287,3134.5648214285716,3055.0839285714287,8641.541727714295,153.29112942857145,0.02229354757113937,2025-04-04 14:00:00,2025-04-04 17:00:00,0 days 03:00:00,ob
-82,10858,10866,3033.8,2972.9095714285713,3047.6789285714285,2972.9095714285713,4894.505105885738,98.51003697142858,0.019674693999981258,2025-04-07 11:00:00,2025-04-07 19:00:00,0 days 08:00:00,ob
-77,10902,10903,3024.05,3039.618392857143,3039.618392857143,2957.3373571428574,-1292.1467432500074,93.38049325,-0.005549222577574515,2025-04-09 09:00:00,2025-04-09 10:00:00,0 days 01:00:00,ob
65,11092,11093,3430.47,3412.418392857143,3412.418392857143,3497.931357142857,-1262.3120133928437,88.95754910714285,-0.005661085746684334,2025-04-22 15:00:00,2025-04-22 16:00:00,0 days 01:00:00,ob
92,11107,11108,3320.85,3308.1296428571427,3308.1296428571427,3497.4758571428574,-1292.2460825714347,121.97322542857142,-0.004229686095857593,2025-04-23 08:00:00,2025-04-23 09:00:00,0 days 01:00:00,ob
69,11153,11158,3295.74,3292.07,3279.1028571428574,3498.021142857143,-344.14177799997367,90.911778,-0.0015133360034467727,2025-04-25 08:00:00,2025-04-25 13:00:00,0 days 05:00:00,ob
-73,11185,11186,3316.31,3331.980892857143,3331.980892857143,3261.7763571428573,-1241.0402256071472,97.06504703571429,-0.005126345557476379,2025-04-28 17:00:00,2025-04-28 18:00:00,0 days 01:00:00,ob
65,11206,11225,3301.4,3283.762142857143,3283.762142857143,3385.2588571428573,-1232.0678221428627,85.60710785714286,-0.005741470155518423,2025-04-29 15:00:00,2025-04-30 11:00:00,0 days 20:00:00,ob
-79,11231,11240,3309.05,3266.4085714285716,3323.381428571429,3266.4085714285716,3264.780611714288,103.89224542857144,0.012488882566640887,2025-04-30 17:00:00,2025-05-01 03:00:00,0 days 10:00:00,sweep
-108,11295,11296,3307.13,3317.8655357142857,3317.8655357142857,3222.694214285714,-1302.537760714269,143.09990357142857,-0.003646828162614801,2025-05-05 12:00:00,2025-05-05 13:00:00,0 days 01:00:00,ob
-99,11482,11483,3180.21,3191.8625,3191.8625,3122.2889999999998,-1279.7645355000145,126.1670355,-0.004064799022706138,2025-05-15 15:00:00,2025-05-15 16:00:00,0 days 01:00:00,ob
-95,11484,11484,3192.23,3204.230535714286,3204.230535714286,3122.4042142857143,-1261.5836430357308,121.53275017857143,-0.004160047309068768,2025-05-15 17:00:00,2025-05-15 17:00:00,0 days 00:00:00,sweep
65,11601,11619,3294.84,3343.821857142857,3277.489642857143,3343.821857142857,3097.5181101428366,86.30260414285715,0.014463259148070296,2025-05-22 19:00:00,2025-05-23 14:00:00,0 days 19:00:00,sweep
107,11639,11657,3331.85,3321.09125,3321.09125,3364.9405,-1293.559192749996,142.37294275,-0.0036284161201734946,2025-05-26 11:00:00,2025-05-27 08:00:00,0 days 21:00:00,ob
69,11659,11662,3305.31,3296.16,3288.8064285714286,3365.0025714285716,-722.4502860000063,91.100286,-0.0031677192154442365,2025-05-27 10:00:00,2025-05-27 13:00:00,0 days 03:00:00,ob
82,11828,11829,3362.77,3344.64,,3391.4705,-1596.661524000009,110.001524,-0.005790310369130246,2025-06-05 18:00:00,2025-06-05 19:00:00,0 days 01:00:00,ob
